Workbook

Sheet Log
A1: code | B1: order_date | C1: order_id | D1: customer_code | E1: product_id | F1: quantity | G1: unit_price | H1: discount_pct | I1: status
A2: 02.01.2025|SO10001|C0002|P108x10@290-0%|DEL | B2: =DATE(MID(A2,7,4),MID(A2,4,2),LEFT(A2,2)) | C2: =VALUE(MID(A2,14,5)) | D2: =MID(A2,21,4) | E2: =VALUE(MID(A2,27,3)) | F2: =VALUE(MID(A2,31,FIND("@",A2)-31)) | G2: =VALUE(MID(A2,FIND("@",A2)+1,FIND("-",A2)-FIND("@",A2)-1)) | H2: =VALUE(MID(A2,FIND("-",A2)+1,FIND("%",A2)-FIND("-",A2)-1)) | I2: =RIGHT(A2,3)
A3: 05.01.2025|SO10002|C0003|P107x55@380-0%|DEL | B3: =DATE(MID(A3,7,4),MID(A3,4,2),LEFT(A3,2)) | C3: =VALUE(MID(A3,14,5)) | D3: =MID(A3,21,4) | E3: =VALUE(MID(A3,27,3)) | F3: =VALUE(MID(A3,31,FIND("@",A3)-31)) | G3: =VALUE(MID(A3,FIND("@",A3)+1,FIND("-",A3)-FIND("@",A3)-1)) | H3: =VALUE(MID(A3,FIND("-",A3)+1,FIND("%",A3)-FIND("-",A3)-1)) | I3: =RIGHT(A3,3)
A4: 12.01.2025|SO10003|C0005|P101x25@430-0%|DEL | B4: =DATE(MID(A4,7,4),MID(A4,4,2),LEFT(A4,2)) | C4: =VALUE(MID(A4,14,5)) | D4: =MID(A4,21,4) | E4: =VALUE(MID(A4,27,3)) | F4: =VALUE(MID(A4,31,FIND("@",A4)-31)) | G4: =VALUE(MID(A4,FIND("@",A4)+1,FIND("-",A4)-FIND("@",A4)-1)) | H4: =VALUE(MID(A4,FIND("-",A4)+1,FIND("%",A4)-FIND("-",A4)-1)) | I4: =RIGHT(A4,3)
A5: 12.01.2025|SO10003|C0005|P102x45@750-5%|DEL | B5: =DATE(MID(A5,7,4),MID(A5,4,2),LEFT(A5,2)) | C5: =VALUE(MID(A5,14,5)) | D5: =MID(A5,21,4) | E5: =VALUE(MID(A5,27,3)) | F5: =VALUE(MID(A5,31,FIND("@",A5)-31)) | G5: =VALUE(MID(A5,FIND("@",A5)+1,FIND("-",A5)-FIND("@",A5)-1)) | H5: =VALUE(MID(A5,FIND("-",A5)+1,FIND("%",A5)-FIND("-",A5)-1)) | I5: =RIGHT(A5,3)
A6: 12.01.2025|SO10003|C0005|P108x10@290-0%|DEL | B6: =DATE(MID(A6,7,4),MID(A6,4,2),LEFT(A6,2)) | C6: =VALUE(MID(A6,14,5)) | D6: =MID(A6,21,4) | E6: =VALUE(MID(A6,27,3)) | F6: =VALUE(MID(A6,31,FIND("@",A6)-31)) | G6: =VALUE(MID(A6,FIND("@",A6)+1,FIND("-",A6)-FIND("@",A6)-1)) | H6: =VALUE(MID(A6,FIND("-",A6)+1,FIND("%",A6)-FIND("-",A6)-1)) | I6: =RIGHT(A6,3)
A7: 13.01.2025|SO10004|C0005|P101x40@430-0%|DEL | B7: =DATE(MID(A7,7,4),MID(A7,4,2),LEFT(A7,2)) | C7: =VALUE(MID(A7,14,5)) | D7: =MID(A7,21,4) | E7: =VALUE(MID(A7,27,3)) | F7: =VALUE(MID(A7,31,FIND("@",A7)-31)) | G7: =VALUE(MID(A7,FIND("@",A7)+1,FIND("-",A7)-FIND("@",A7)-1)) | H7: =VALUE(MID(A7,FIND("-",A7)+1,FIND("%",A7)-FIND("-",A7)-1)) | I7: =RIGHT(A7,3)
A8: 13.01.2025|SO10004|C0005|P102x15@750-5%|DEL | B8: =DATE(MID(A8,7,4),MID(A8,4,2),LEFT(A8,2)) | C8: =VALUE(MID(A8,14,5)) | D8: =MID(A8,21,4) | E8: =VALUE(MID(A8,27,3)) | F8: =VALUE(MID(A8,31,FIND("@",A8)-31)) | G8: =VALUE(MID(A8,FIND("@",A8)+1,FIND("-",A8)-FIND("@",A8)-1)) | H8: =VALUE(MID(A8,FIND("-",A8)+1,FIND("%",A8)-FIND("-",A8)-1)) | I8: =RIGHT(A8,3)
A9: 20.01.2025|SO10005|C0003|P101x15@430-5%|DEL | B9: =DATE(MID(A9,7,4),MID(A9,4,2),LEFT(A9,2)) | C9: =VALUE(MID(A9,14,5)) | D9: =MID(A9,21,4) | E9: =VALUE(MID(A9,27,3)) | F9: =VALUE(MID(A9,31,FIND("@",A9)-31)) | G9: =VALUE(MID(A9,FIND("@",A9)+1,FIND("-",A9)-FIND("@",A9)-1)) | H9: =VALUE(MID(A9,FIND("-",A9)+1,FIND("%",A9)-FIND("-",A9)-1)) | I9: =RIGHT(A9,3)
A10: 21.01.2025|SO10006|C0004|P102x25@750-5%|DEL | B10: =DATE(MID(A10,7,4),MID(A10,4,2),LEFT(A10,2)) | C10: =VALUE(MID(A10,14,5)) | D10: =MID(A10,21,4) | E10: =VALUE(MID(A10,27,3)) | F10: =VALUE(MID(A10,31,FIND("@",A10)-31)) | G10: =VALUE(MID(A10,FIND("@",A10)+1,FIND("-",A10)-FIND("@",A10)-1)) | H10: =VALUE(MID(A10,FIND("-",A10)+1,FIND("%",A10)-FIND("-",A10)-1)) | I10: =RIGHT(A10,3)
A11: 24.01.2025|SO10007|C0001|P101x45@430-0%|DEL | B11: =DATE(MID(A11,7,4),MID(A11,4,2),LEFT(A11,2)) | C11: =VALUE(MID(A11,14,5)) | D11: =MID(A11,21,4) | E11: =VALUE(MID(A11,27,3)) | F11: =VALUE(MID(A11,31,FIND("@",A11)-31)) | G11: =VALUE(MID(A11,FIND("@",A11)+1,FIND("-",A11)-FIND("@",A11)-1)) | H11: =VALUE(MID(A11,FIND("-",A11)+1,FIND("%",A11)-FIND("-",A11)-1)) | I11: =RIGHT(A11,3)
A12: 24.01.2025|SO10007|C0001|P102x20@750-0%|DEL | B12: =DATE(MID(A12,7,4),MID(A12,4,2),LEFT(A12,2)) | C12: =VALUE(MID(A12,14,5)) | D12: =MID(A12,21,4) | E12: =VALUE(MID(A12,27,3)) | F12: =VALUE(MID(A12,31,FIND("@",A12)-31)) | G12: =VALUE(MID(A12,FIND("@",A12)+1,FIND("-",A12)-FIND("@",A12)-1)) | H12: =VALUE(MID(A12,FIND("-",A12)+1,FIND("%",A12)-FIND("-",A12)-1)) | I12: =RIGHT(A12,3)
A13: 24.01.2025|SO10007|C0001|P108x20@290-0%|DEL | B13: =DATE(MID(A13,7,4),MID(A13,4,2),LEFT(A13,2)) | C13: =VALUE(MID(A13,14,5)) | D13: =MID(A13,21,4) | E13: =VALUE(MID(A13,27,3)) | F13: =VALUE(MID(A13,31,FIND("@",A13)-31)) | G13: =VALUE(MID(A13,FIND("@",A13)+1,FIND("-",A13)-FIND("@",A13)-1)) | H13: =VALUE(MID(A13,FIND("-",A13)+1,FIND("%",A13)-FIND("-",A13)-1)) | I13: =RIGHT(A13,3)
... A331: 23.12.2025|SO10175|C0017|P108x30@290-0%|SHP | B331: =DATE(MID(A331,7,4),MID(A331,4,2),LEFT(A331,2)) | C331: =VALUE(MID(A331,14,5)) | D331: =MID(A331,21,4) | E331: =VALUE(MID(A331,27,3)) | F331: =VALUE(MID(A331,31,FIND("@",A331)-31)) | G331: =VALUE(MID(A331,FIND("@",A331)+1,FIND("-",A331)-FIND("@",A331)-1)) | H331: =VALUE(MID(A331,FIND("-",A331)+1,FIND("%",A331)-FIND("-",A331)-1)) | I331: =RIGHT(A331,3)

Sheet Parameters
A1: opening_stock | B1: 300
A2: product_id | B2: 101
A3: rop | B3: 100
A4: q | B4: 250
A5: lead_days | B5: 7
A6: holding_per_unit_day | B6: 1
A7: shortage_per_unit_day | B7: 20
A8: cost_per_po | B8: 2000

Sheet Model
A1: date | B1: weekday | C1: demand | D1: receipts | E1: po_placed | F1: closing
A2: =DATE(2025,1,1) | B2: =WEEKDAY(A2,2) | C2: =SUMIFS(Log!$F$2:$F$331,Log!$B$2:$B$331,A2,Log!$E$2:$E$331,Parameters!$B$2,Log!$I$2:$I$331,"<>CAN") | D2: =IF(ROW()-Parameters!$B$5>=2,INDEX($E$1:$E$366,ROW()-Parameters!$B$5)*Parameters!$B$4,0) | E2: =0 | F2: =Parameters!$B$1+D2-C2
A3: =A2+1 | B3: =WEEKDAY(A3,2) | C3: =SUMIFS(Log!$F$2:$F$331,Log!$B$2:$B$331,A3,Log!$E$2:$E$331,Parameters!$B$2,Log!$I$2:$I$331,"<>CAN") | D3: =IF(ROW()-Parameters!$B$5>=2,INDEX($E$1:$E$366,ROW()-Parameters!$B$5)*Parameters!$B$4,0) | E3: =IF(AND(B3=1,F2<=Parameters!$B$3),1,0) | F3: =F2+D3-C3
A4: =A3+1 | B4: =WEEKDAY(A4,2) | C4: =SUMIFS(Log!$F$2:$F$331,Log!$B$2:$B$331,A4,Log!$E$2:$E$331,Parameters!$B$2,Log!$I$2:$I$331,"<>CAN") | D4: =IF(ROW()-Parameters!$B$5>=2,INDEX($E$1:$E$366,ROW()-Parameters!$B$5)*Parameters!$B$4,0) | E4: =IF(AND(B4=1,F3<=Parameters!$B$3),1,0) | F4: =F3+D4-C4
A5: =A4+1 | B5: =WEEKDAY(A5,2) | C5: =SUMIFS(Log!$F$2:$F$331,Log!$B$2:$B$331,A5,Log!$E$2:$E$331,Parameters!$B$2,Log!$I$2:$I$331,"<>CAN") | D5: =IF(ROW()-Parameters!$B$5>=2,INDEX($E$1:$E$366,ROW()-Parameters!$B$5)*Parameters!$B$4,0) | E5: =IF(AND(B5=1,F4<=Parameters!$B$3),1,0) | F5: =F4+D5-C5
A6: =A5+1 | B6: =WEEKDAY(A6,2) | C6: =SUMIFS(Log!$F$2:$F$331,Log!$B$2:$B$331,A6,Log!$E$2:$E$331,Parameters!$B$2,Log!$I$2:$I$331,"<>CAN") | D6: =IF(ROW()-Parameters!$B$5>=2,INDEX($E$1:$E$366,ROW()-Parameters!$B$5)*Parameters!$B$4,0) | E6: =IF(AND(B6=1,F5<=Parameters!$B$3),1,0) | F6: =F5+D6-C6
A7: =A6+1 | B7: =WEEKDAY(A7,2) | C7: =SUMIFS(Log!$F$2:$F$331,Log!$B$2:$B$331,A7,Log!$E$2:$E$331,Parameters!$B$2,Log!$I$2:$I$331,"<>CAN") | D7: =IF(ROW()-Parameters!$B$5>=2,INDEX($E$1:$E$366,ROW()-Parameters!$B$5)*Parameters!$B$4,0) | E7: =IF(AND(B7=1,F6<=Parameters!$B$3),1,0) | F7: =F6+D7-C7
A8: =A7+1 | B8: =WEEKDAY(A8,2) | C8: =SUMIFS(Log!$F$2:$F$331,Log!$B$2:$B$331,A8,Log!$E$2:$E$331,Parameters!$B$2,Log!$I$2:$I$331,"<>CAN") | D8: =IF(ROW()-Parameters!$B$5>=2,INDEX($E$1:$E$366,ROW()-Parameters!$B$5)*Parameters!$B$4,0) | E8: =IF(AND(B8=1,F7<=Parameters!$B$3),1,0) | F8: =F7+D8-C8
A9: =A8+1 | B9: =WEEKDAY(A9,2) | C9: =SUMIFS(Log!$F$2:$F$331,Log!$B$2:$B$331,A9,Log!$E$2:$E$331,Parameters!$B$2,Log!$I$2:$I$331,"<>CAN") | D9: =IF(ROW()-Parameters!$B$5>=2,INDEX($E$1:$E$366,ROW()-Parameters!$B$5)*Parameters!$B$4,0) | E9: =IF(AND(B9=1,F8<=Parameters!$B$3),1,0) | F9: =F8+D9-C9
A10: =A9+1 | B10: =WEEKDAY(A10,2) | C10: =SUMIFS(Log!$F$2:$F$331,Log!$B$2:$B$331,A10,Log!$E$2:$E$331,Parameters!$B$2,Log!$I$2:$I$331,"<>CAN") | D10: =IF(ROW()-Parameters!$B$5>=2,INDEX($E$1:$E$366,ROW()-Parameters!$B$5)*Parameters!$B$4,0) | E10: =IF(AND(B10=1,F9<=Parameters!$B$3),1,0) | F10: =F9+D10-C10
A11: =A10+1 | B11: =WEEKDAY(A11,2) | C11: =SUMIFS(Log!$F$2:$F$331,Log!$B$2:$B$331,A11,Log!$E$2:$E$331,Parameters!$B$2,Log!$I$2:$I$331,"<>CAN") | D11: =IF(ROW()-Parameters!$B$5>=2,INDEX($E$1:$E$366,ROW()-Parameters!$B$5)*Parameters!$B$4,0) | E11: =IF(AND(B11=1,F10<=Parameters!$B$3),1,0) | F11: =F10+D11-C11
A12: =A11+1 | B12: =WEEKDAY(A12,2) | C12: =SUMIFS(Log!$F$2:$F$331,Log!$B$2:$B$331,A12,Log!$E$2:$E$331,Parameters!$B$2,Log!$I$2:$I$331,"<>CAN") | D12: =IF(ROW()-Parameters!$B$5>=2,INDEX($E$1:$E$366,ROW()-Parameters!$B$5)*Parameters!$B$4,0) | E12: =IF(AND(B12=1,F11<=Parameters!$B$3),1,0) | F12: =F11+D12-C12
A13: =A12+1 | B13: =WEEKDAY(A13,2) | C13: =SUMIFS(Log!$F$2:$F$331,Log!$B$2:$B$331,A13,Log!$E$2:$E$331,Parameters!$B$2,Log!$I$2:$I$331,"<>CAN") | D13: =IF(ROW()-Parameters!$B$5>=2,INDEX($E$1:$E$366,ROW()-Parameters!$B$5)*Parameters!$B$4,0) | E13: =IF(AND(B13=1,F12<=Parameters!$B$3),1,0) | F13: =F12+D13-C13
A14: =A13+1 | B14: =WEEKDAY(A14,2) | C14: =SUMIFS(Log!$F$2:$F$331,Log!$B$2:$B$331,A14,Log!$E$2:$E$331,Parameters!$B$2,Log!$I$2:$I$331,"<>CAN") | D14: =IF(ROW()-Parameters!$B$5>=2,INDEX($E$1:$E$366,ROW()-Parameters!$B$5)*Parameters!$B$4,0) | E14: =IF(AND(B14=1,F13<=Parameters!$B$3),1,0) | F14: =F13+D14-C14
... A366: =A365+1 | B366: =WEEKDAY(A366,2) | C366: =SUMIFS(Log!$F$2:$F$331,Log!$B$2:$B$331,A366,Log!$E$2:$E$331,Parameters!$B$2,Log!$I$2:$I$331,"<>CAN") | D366: =IF(ROW()-Parameters!$B$5>=2,INDEX($E$1:$E$366,ROW()-Parameters!$B$5)*Parameters!$B$4,0) | E366: =IF(AND(B366=1,F365<=Parameters!$B$3),1,0) | F366: =F365+D366-C366

Sheet Results
A1: L1a total units, non-cancelled | B1: =SUMIFS(Log!F2:F331,Log!I2:I331,"<>CAN")
A2: L1b units of product 101 (compare each product) | B2: =SUMIFS(Log!F2:F331,Log!E2:E331,101,Log!I2:I331,"<>CAN")
A3: L1c units of 101 bought by C0012 | B3: =SUMIFS(Log!F2:F331,Log!E2:E331,101,Log!D2:D331,"0012",Log!I2:I331,"<>CAN")
A4: POs placed | B4: =SUM(Model!E2:E366)
A5: lowest closing | B5: =MIN(Model!F2:F366)
A6: date of lowest | B6: =INDEX(Model!A2:A366,MATCH(MIN(Model!F2:F366),Model!F2:F366,0))
A7: negative days | B7: =COUNTIF(Model!F2:F366,"<0")
A8: 31 Dec closing | B8: =Model!F366
A9: holding cost | B9: =SUMIF(Model!F2:F366,">0")*Parameters!B6
A10: shortage cost | B10: =-SUMIF(Model!F2:F366,"<0")*Parameters!B7
A11: ordering cost | B11: =B4*Parameters!B8
A12: total cost | B12: =B9+B10+B11
